{
    "EN":{
        "domain":"en.creative.com(?!\/help\/delivery#what-are-the-shipping-methods-available)",
        "dollar_decimal":"(&euro;|€)(\\w*)\\.(\\d\\d)",
        "dollar_nodecimal":"(&euro;|€)(\\w*)(?=\\.\\b|\\b)(?!\\.\\d\\d)",
        "free_shipping":"FREE SHIPPING",
        "shop_now_buy_now":"(SHOP NOW|BUY NOW)",
        "shop_now":"SHOP NOW",
        "buy_now":"BUY NOW",
        "learn_more":"LEARN MORE",
        "new":"NEW\\b",
        "free_worth":"FREE(?=\\s)(.*?)worth",
        "free":"FREE\\b(?! Creative Saver Shipping on orders over EUR)(?!-)",
        "promo_code":"(/help/)ordering(.*?)#i-have-a-promo-code-how-do-i-redeem-it",
        "browser_view":"((alt|title)(.*?))VIEW ALL DEALS\\s*>\\s*",
        "white":"\\(WHITE\\)",
        "black":"\\(BLACK\\)",
        "header_display":"If this email does not display correctly(.*)view its full version",
        "footer_explore_more":"EXPLORE MORE",            
        "footer_speakers":"SPEAKERS(?=\b|<)",
        "footer_headphones":"HEADPHONES(?=<)(.*?\\|)",
        "footer_work_solutions":"WORK SOLUTIONS(?=\b|<)",
        "footer_audio_enthusiasts":"AUDIO ENTHUSIASTS(?=\b|<)",
        "footer_delivery_methods":"https://en.creative.com/help/delivery#what-are-the-shipping-methods-available-and-how-do-i-qualify-for-free-shipping",
        "footer_creative_saver":"Free Creative Saver Shipping on orders over EUR 79.00.",
        "footer_communication_para":"This communication was sent to you as a Creative subscriber.<br>You are subscribed as: {{UserAttribute\\['Email']}}.<br>To ensure delivery of future emails, please add info@mailers.europe.creative.com to your address book.",
        "footer_unsub":"Unsubscribe(?!_)",
        "footer_privacy":"Privacy Policy",
        "footer_contact":"Contact us",
        "footer_copyright":"Copyright © 2022. All rights reserved Creative Labs \\(Europe\\) Limited, Reg No: 580841<br>Unit Q2, North Ring Business Park, Santry, Dublin, D09 EV70, Ireland<br>Savings based on price of full retail product.<br>Whilst Creative endeavours to keep the information up-to-date and accurate Creative makes no representations or warranties of any kind, express or implied about the completeness, accuracy, reliability, suitability or availability with respect to the information, products, services or offers contained in this email for any purpose. The price and availability of products, services and offers are country specific and subject to change without prior notice.",
        "header_facebook":"https://www.facebook.com/CreativeLabs",
        "eur_to_gbp":"EUR 79",
        "en_to_de_free_male_update":"KOSTENLOSES (Sound Blaster Headset Stand|Creative BT-W2)(?= im Wert von)",
        "copysign_encode":"&copy;|Ⓒ|©",
        "use_promo_code":"USE PROMO CODE(.*?)FOR(.*?)OFF",
        "use_promo_code_FR":"USE PROMO CODE(.*?)FOR(.*?)OFF!",
        "delivery_link_NOR_GR_UK":"https://en.creative.com/help/delivery#what-are-the-shipping-methods-available-and-how-do-i-qualify-for-free-shipping",
        "reg_num_FR":"Reg No: 580841",
        "terms_conditions":"Terms &amp; conditions apply\\.",
        "learn_how":"Learn how to apply your promo code (.*?)here</a>\\."
    }
    ,
    "IT":{
        "domain":"it.creative.com",
        "dollar_decimal":"$1$2,$3",
        "dollar_nodecimal":"$1$2",
        "free_shipping":"SPEDIZIONE GRATUITA",
        "shop_now_buy_now":"ACQUISTA ORA",
        "learn_more":"PER SAPERNE DI PI&Ugrave;",
        "new":"NUOVO",
        "free_worth":"GRATIS il$1dal valore di",
        "free":"GRATUITO",
        "promo_code":"$1ordine$2#ho-un-codice-promozionale-come-posso-utilizzarlo",
        "browser_view":"$1VISUALIZZA TUTTE LE OFFERTE>",
        "white":"(BIANCO)",
        "black":"(NERO)",
        "header_display":"Se non riesci a visualizzare correttamente questa email$1seleziona la versione completa",
        "footer_explore_more":"SCOPRI DI PIÙ SU",
        "footer_speakers":"ALTOPARLANTI",
        "footer_headphones":"CUFFIE$1&nbsp;<br class='esd-mobile-hidden'>",
        "footer_work_solutions":"SOLUZIONI LAVORATIVE",
        "footer_audio_enthusiasts":"APPASSIONATI DI AUDIO",
        "footer_delivery_methods":"https://it.creative.com/help/consegna#quali-sono-i-metodi-di-spedizione-disponibili-e-come-posso-usufruire-della-spedizione-gratuita",
        "footer_creative_saver":"Consegna gratuita per ordini di importo superiore a €79,00.",
        "footer_communication_para":"Questa comunicazione ti è stata inviata perché sei iscritto alla newsletter Creative.<br>Il tuo indirizzo di iscrizione è: {{UserAttribute['Email']}}.<br>Per essere sicuro/a di ricevere i nostri messaggi e-mail aggiungi il seguente indirizzo info@mailers.europe.creative.com alla tua rubrica.",
        "footer_unsub":"Annulla iscrizione",
        "footer_privacy":"Regole sulla riservatezza",
        "footer_contact":"Contatti",
        "footer_copyright":"Copyright © 2022. Tutti i diritti riservati a Creative Labs (Europe) Limited, N. reg: 580841<br>Unit Q2, North Ring Business Park, Santry, Dublin, D09 EV70, Ireland.<br>I risparmi sono calcolati in base al prezzo completo del prodotto di vendita.<br>Pur impegnandosi per fornire informazioni precise e aggiornate, Creative non dichiara alcunché né offre alcuna garanzia, espressa o implicita, relativamente alla completezza, accuratezza, affidabilità, idoneità o disponibilità in merito a informazioni, prodotti, servizi o offerte contenuti nel presente messaggio e-mail per alcun motivo. Prezzo e disponibilità dei prodotti, dei servizi e delle offerte variano in base al Paese e sono soggetti a modifiche senza preavviso.",
        "header_facebook":"https://www.facebook.com/creativeitalia",
        "use_promo_code":"USA IL CODICE PROMOZIONALE$1PER IL$2DI SCONTO",
        "terms_conditions":"Si applicano termini e condizioni.",
        "learn_how":"Scopri come applicare il codice promozionale $1qui</a>."
        
    }
    ,
    "ES":{
        "domain":"es.creative.com",
        "dollar_decimal":"$2,$3$1",
        "dollar_nodecimal":"$2$1",
        "free_shipping":"ENV&Iacute;O GRATU&Iacute;TO",
        "shop_now_buy_now":"COMPRAR AHORA",
        "learn_more":"M&Aacute;S INFORMACI&Oacute;N",
        "new":"NUEVO",
        "free_worth":"GRATIS el$1valorado en",
        "free":"GRATUITO",
        "promo_code":"$1pedidos$2#tengo-un-c-digo-de-promoci-n-c-mo-lo-canjeo",
        "browser_view":"$1VEA TODAS LAS OFERTAS >",
        "white":"(BLANCO)",
        "black":"(NEGRO)",
        "header_display":"Si este e-mail no se muestra correctamente$1vea su versión completa",
        "footer_explore_more":"EXPLORE MÁS",
        "footer_speakers":"ALTAVOCES",
        "footer_headphones":"AURICULARES$1&nbsp;<br class='esd-mobile-hidden'>",
        "footer_work_solutions":"SOLUCIONES DE TRABAJO",
        "footer_audio_enthusiasts":"ENTUSIASTAS DEL SONIDO",
        "footer_delivery_methods":"https://es.creative.com/help/entrega#-cu-les-son-los-m-todos-de-env-o-disponibles-y-c-mo-opto-al-env-o-gratuito",
        "footer_creative_saver":"Envío gratuito en pedidos superiores a 79,00€.",
        "footer_communication_para":"Este mensaje ha sido enviado a todos los suscriptores de Creative.<br>Te has suscrito como: {{UserAttribute['Email']}}.<br>Para garantizar que recibes nuestros mensajes, agrega info@mailers.europe.creative.com a tu libreta de direcciones.",
        "footer_unsub":"Cancelar suscripción",
        "footer_privacy":"Política de confidencialidad",
        "footer_contact":"Contacto",
        "footer_copyright":"Copyright © 2022. Todos los derechos reservados Creative Labs (Europe) Limited, n.º de reg.: 580841<br>Unit Q2, North Ring Business Park, Santry, Dublin, D09 EV70, Ireland<br>Ahorro basado en el precio total del producto.<br>Aunque Creative adopta todas las medidas razonables para mantener la precisión y actualidad de la información, Creative no se responsabiliza ni ofrece garantías de ningún tipo, expresas ni implícitas, de la integridad, precisión, fiabilidad, adecuación ni disponibilidad en relación con la información, productos, servicios u ofertas incluidos en este mensaje de correo electrónico en caso alguno. El precio y la disponibilidad de los productos, servicios y ofertas pueden variar en función del país y están sujetos a modificaciones sin previo aviso.",
        "header_facebook":"https://www.facebook.com/CreativeEspana",
        "use_promo_code":"¡USE EL CÓDIGO PROMOCIONAL$1PARA UN$2DE DESCUENTO",
        "terms_conditions":"Aplican terminos y condiciones.",
        "learn_how": "Aprenda cómo usar su código de promoción $1aquí</a>."
    }
    ,
    "DE":{
        "domain":"de.creative.com",
        "dollar_decimal":"$2,$3$1",
        "dollar_nodecimal":"$2$1",
        "free_shipping":"KOSTENLOSE LIEFERUNG",
        "shop_now":"JETZT EINKAUFEN",
        "buy_now":"JETZT KAUFEN",
        "learn_more":"ERFAHREN SIE MEHR",
        "new":"NEU",
        "free_worth":"KOSTENLOSES$1im Wert von",
        "free":"KOSTENLOS",
        "promo_code":"$1bestellung$2#ich-habe-einen-aktionscode-wie-l-se-ich-ihn-ein",
        "browser_view":"$1ALLE ANGEBOTE ANZEIGEN>",
        "white":"(WEIß)",
        "black":"(SCHWARZ)",
        "header_display":"Wenn diese E-mail nicht korrekt angezeigt wird$1wechseln Sie die Ansicht zur Vollversion",
        "footer_explore_more":"MEHR ERFAHREN",
        "footer_speakers":"LAUTSPRECHER",
        "footer_headphones":"KOPFHÖRER$1&nbsp;<br class='esd-mobile-hidden'>",
        "footer_work_solutions":"FÜR DIE ARBEIT",
        "footer_audio_enthusiasts":"AUDIO-ENTHUSIASTEN",
        "footer_delivery_methods":"https://de.creative.com/help/lieferung#welche-versandmethoden-stehen-zur-auswahl-und-wie-nehme-ich-kostenlosen-versand-in-anspruch",
        "footer_creative_saver":"KOSTENLOSE Lieferung ab einem Bestellwert von 79,00€.",
        "footer_communication_para":"Sie erhalten diese Informationen als registrierter Kunde von Creative.<br>Sie sind angemeldet als: {{UserAttribute['Email']}}.<br>Damit unsere E-Mails zuverlässig bei Ihnen ankommen, empfehlen wir Ihnen, die Adresse info@mailers.europe.creative.com in Ihr Adressbuch aufzunehmen.",
        "footer_unsub":"Abmelden",
        "footer_privacy":"Datenschutzrichtlinien",
        "footer_contact":"Kontakt",
        "footer_copyright":"Copyright © 2022. Alle Rechte vorbehalten. Creative Labs (Europe) Limited, Reg No: 580841<br>Unit Q2, North Ring Business Park, Santry, Dublin, D09 EV70, Ireland.<br>Die Nachlässe basieren auf dem Preis für das vollständige Einzelhandelsprodukt.<br>Obwohl Creative sich stets um die Bereitstellung aktueller, korrekter Informationen bemüht, übernimmt Creative keinerlei Haftung oder Garantie, weder ausdrücklich noch stillschweigend, für die Vollständigkeit, Korrektheit, Zuverlässigkeit, Eignung oder Verfügbarkeit der in dieser E-Mail aufgeführten Informationen, Produkte, Dienstleistungen oder Angebote für irgendeinen Zweck. Die Preise und Verfügbarkeit der Produkte, Dienstleistungen und Angebote sind länderspezifisch und Änderungen vorbehalten.",
        "header_facebook":"https://www.facebook.com/CreativeLabsDeutschland",
        "en_to_de_free_male_update":"KOSTENLOSER $1",
        "use_promo_code":"NUTZEN SIE DEN PROMO CODE$1UND ERHALTEN SIE$2RABATT",
        "terms_conditions":"Allgemeine Geschäftsbedingungen gelten.",
        "learn_how": "Erfahren Sie $1hier</a>, wie Sie Ihren Promo-Code anwenden."
    }
    ,
    "FR":{
        "domain":"fr.creative.com",
        "dollar_decimal":"$2,$3$1",
        "dollar_nodecimal":"$2$1",
        "free_shipping":"LIVRAISON GRATUITE",
        "shop_now":"ACHETEZ MAINTENANT",
        "buy_now":"ACHETER MAINTENANT",
        "learn_more":"EN SAVOIR PLUS",
        "new":"NOUVEAU",
        "free_worth":"GRATUIT$1d&rsquo;une valeur de",
        "free":"GRATUIT",
        "promo_code":"$1commande$2#j-39-ai-un-code-promo-comment-puis-je-l-39-utiliser",
        "browser_view":"$1VOIR TOUTES LES OFFRES >",
        "white":"(BLANC)",
        "black":"(NOIR)",
        "header_display":"Si cet email ne s'affiche pas correctement$1regardez-le dans sa version complète",
        "footer_explore_more":"EN SAVOIR PLUS",
        "footer_speakers":"ENCEINTES",
        "footer_headphones":"CASQUES / ÉCOUTEURS$1&nbsp;<br class='esd-mobile-hidden'>",
        "footer_work_solutions":"SOLUTIONS POUR LE TRAVAIL",
        "footer_audio_enthusiasts":"PASSIONNÉS D'AUDIO",
        "footer_delivery_methods":"https://fr.creative.com/help/livraison#quels-sont-les-modes-de-livraison-propos-s-et-comment-b-n-ficier-de-la-livraison-gratuite",
        "footer_creative_saver":"Livraison Creative Saver gratuite pour les commandes d'un montant supérieur à 79,00€.",
        "footer_communication_para":"Vous avez reçu ce message en tant qu'abonné Creative.<br>Vous êtes abonné avec l'adresse : {{UserAttribute['Email']}}.<br>Pour vous assurer que votre e-mail est envoyé, veuillez ajouter info@mailers.europe.creative.com à votre carnet d'adresses.",
        "footer_unsub":"Désabonner",
        "footer_privacy":"Règles de confidentialité",
        "footer_contact":"Nous contacter",
        "footer_copyright":"Copyright © 2022. Tous droits réservés Creative Labs (Europe) Limited, Reg No: 580841<br>Unit Q2, North Ring Business Park, Santry, Dublin, D09 EV70, Ireland.<br>Réductions sur la base du prix du produit vendu au détail.<br>Bien que nous nous efforcions de fournir toujours des informations à jour et exactes, Creative exclut toute représentation ou garantie, expresse ou implicite, quant à l'exhaustivité, l'exactitude, la fiabilité, la pertinence ou la disponibilité des informations, produits, services ou offres contenus dans ce courrier électronique pour quelque but que ce soit. Le prix et la disponibilité des produits, des services et des offres sont spécifiques à chaque pays et susceptibles d'être modifiés sans avis préalable.",
        "header_facebook":"https://www.facebook.com/CreativeFrance",
        "use_promo_code_FR":"UTILISEZ LE CODE PROMOTIONNEL$1POUR PROFITER DE$2DE RÉDUCTION !",
        "use_promo_code":"UTILISEZ LE CODE PROMOTIONNEL$1POUR PROFITER DE$2DE RÉDUCTION",
        "reg_num_FR":"Reg No : 580841",
        "terms_conditions":"Les termes et conditions s'appliquent.",
        "learn_how":"Apprenez comment appliquer votre code promotionnel $1ici</a>."
    }
    ,
    "PL":{
        "domain":"pl.creative.com",
        "dollar_decimal":"$2,$3zł",
        "dollar_nodecimal":"$2zł",
        "free_shipping":"BEZPŁATNA DOSTAWA",
        "shop_now":"KUPUJ TERAZ",
        "buy_now":"KUP TERAZ",
        "learn_more":"DOWIEDZ SIĘ WIĘCEJ",
        "new":"NOWOŚĆ",
        "free_worth":"DARMOWY$1wart",
        "free":"BEZPŁATNE",
        "promo_code":"$1ordering$2#i-have-a-promo-code-how-do-i-redeem",
        "browser_view":"$1ZOBACZ CAŁĄ OFERTĘ >",
        "white":"(BIAŁY)",
        "black":"(CZARNY)",
        "header_display":"Jeśli ta wiadomość nie wyświetla się poprawnie$1wyświetl w pełnej wersji",
        "footer_explore_more":"DOWIEDZ SIĘ WIĘCEJ",
        "footer_speakers":"GŁOŚNIKI",
        "footer_headphones":"SŁUCHAWKI$1&nbsp;<br class='esd-mobile-hidden'>",
        "footer_work_solutions":"ROZWIĄZANIA DO PRACY",
        "footer_audio_enthusiasts":"ENTUZJAŚCI AUDIO",
        "footer_delivery_methods":"https://pl.creative.com/help/delivery#what-are-the-shipping-methods-available-and-how-do-i-qualify-for-free-shipping",
        "footer_creative_saver":"Bezpłatna dostawa Creative Saver Shipping przy zamówieniu o wartości powyżej 329,00zł.",
        "footer_communication_para":"Otrzymales te wiadomosc, poniewaz jestes subskrybentem Creative.<br>Twój adres subskrypcji: {{UserAttribute['Email']}}.<br>Aby upewnic sie, ze twoja wiadomosc do nas dotrze, dodaj adres info@mailers.europe.creative.com do twojej ksiazki adresowej.",
        "footer_unsub":"Wypisz sie",
        "footer_privacy":"Polityka prywatnosci",
        "footer_contact":"Skontaktuj sie z nami",
        "footer_copyright":"Copyright © 2022. Wszelkie prawa zastrzezone, Creative Labs (Europe) Ltd, Nr rej.: Ireland 580841<br>Unit Q2, North Ring Business Park, Santry, Dublin, D09 EV70, Ireland.<br>Rabaty obliczone na podstawie pelnej ceny sklepowej produktu.<br>Firma Creative doklada wszelkich staran, aby prezentowane informacje byly aktualne. Firma Creative nie gwarantuje jednak w zaden sposób, jawny badz dorozumiany, kompletnosci, dokladnosci, aktualnosci, przydatnosci lub dostepnosci wzgledem informacji, produktów, uslug i ofert zawartych w niniejszej wiadomosci e-mail. Ceny i dostepnosc produktów, uslug i ofert zaleza od kraju i moga ulec zmianie bez powiadomienia.",
        "header_facebook":"https://www.facebook.com/CreativePolska",
        "use_promo_code":"WYKORZYSTAJ KOD PROMOCYJNY$1NA$2ZNIŻKI",
        "terms_conditions":"Obowiązują warunki umowy.",
        "learn_how":"Dowiedz się, jak zastosować kod promocyjny $1tutaj</a>."
    }
    ,
    "UK":{
        "domain":"uk.creative.com",
        "dollar_decimal":"&#163;$2.$3",
        "dollar_nodecimal":"&#163;$2",
        "eur_to_gbp":"GBP 79",
        "copysign_encode":"&#9400;",
        "delivery_link_NOR_GR_UK":"https://uk.creative.com/help/delivery#what-are-the-shipping-methods-available-and-how-do-i-qualify-for-free-shipping"
    }
    ,
    "GR":{
        "domain":"gr.creative.com",
        "dollar_decimal":"$2,$3$1",
        "dollar_nodecimal":"$2$1",
        "delivery_link_NOR_GR_UK":"https://gr.creative.com/help/delivery#what-are-the-shipping-methods-available-and-how-do-i-qualify-for-free-shipping"
    }
    ,
    "NORDIC":{
        "domain":"nordic.creative.com",
        "delivery_link_NOR_GR_UK":"https://nordic.creative.com/help/delivery#what-are-the-shipping-methods-available-and-how-do-i-qualify-for-free-shipping"
    }
}